id,subj_code,pasw,p1,p2,p3,name,user_id,pasword,subj_name
1,MAT-103,B.Tech-CSE,"1,1","1,2","3,1",Dr. Aakash Sharma,,,Linear Algebra
2,CSE-103,B.Tech-CSE,"2,2","2,3","5,8",Prof. Priyanka Singh,,,C Programming
3,ENG-102,B.Tech-CSE,"1,5","1,6","2,1",Prof. Aishwarya Reddy,,,Communicative English
4,APT-101,B.Tech-CSE,"4,7","5,1","5,2",Dr. Rahul Desai,,,Aptitude & Reasoning
5,CSEL-101,B.Tech-CSE,"3,2","3,3","-1,-1",Prof. Priyanka Singh,,,C Programming Lab
6,ENV-103,B.Tech-CSE,"2,7","4,5","4,6",Dr. Vikram Mehta,,,Environmental Science
7,EEE-103,B.Tech-CSE,"1,8","4,8","5,5",Dr. Rohit Malhotra,,,Basic Electronics
8,ECE-103,B.Tech-ECE,"1,1","1,2","3,1",Dr. Sanjay Patel,,,Analog electronics
9,ECE-203,B.Tech-ECE,"2,2","2,3","5,8",Dr. Arjun Srinivasan,,,Micro controllers
10,ECE-303,B.Tech-ECE,"1,5","1,6","2,1",Prof. Divya Joshi,,,Digital Circuit Design
11,ECE-403,B.Tech-ECE,"4,7","5,1","5,2",Dr. Rohit Malhotra,,,Analog & Digital Communications
12,ECEL-501,B.Tech-ECE,"3,2","3,3","-1,-1",Dr. Sanjay Patel,,,Analog electronics Labs
13,MAT-203,B.Tech-ECE,"2,7","4,5","4,6",Dr. Rajiv Lochan,,,Probability Theory & random Process 
14,APT-201,B.Tech-ECE,"1,8","4,8","5,5",Dr. Siddharth Verma,,,Aptitude & Reasoning
15,EEE-102,B.Tech-EEE,"1,1","1,2","3,1",Dr. Ramesh Choudhary,,,Electronic Circuits 
16,EEE-203,B.Tech-EEE,"2,2","2,3","5,8",Prof. Anjali Kapoor,,,Digital Electronics 
17,EEE-303,B.Tech-EEE,"1,5","1,6","2,1",Dr. Sanjay Sharma,,,Electrical Machines 
18,EEE-403,B.Tech-EEE,"4,7","5,1","5,2",Prof. Meera Desai,,,Linear Control Systems 
19,EEEL-201,B.Tech-EEE,"3,2","3,3","-1,-1",Prof. Anjali Kapoor,,,Digital Electronics Lab
20,MAT-303,B.Tech-EEE,"2,7","4,5","4,6",Dr. Prakash Rajan,,,Laplace Transforms 
21,APT-301,B.Tech-EEE,"1,8","4,8","5,5",Dr. Vikas Gupta,,,Aptitude & Reasoning
22,MEC-103,B.Tech-MECH,"1,1","1,2","3,1",Dr. Senthil Kumar,,,Elements of Structure 
23,MEC-203,B.Tech-MECH,"2,2","2,3","5,8",Prof. Lakshmi Ramachandran,,,Dynamic & control 
24,MEC-303,B.Tech-MECH,"1,5","1,6","2,1",Prof. Arvind Ramanathan,,,Fluid Mechanics
25,MEC-403,B.Tech-MECH,"4,7","5,1","5,2",Prof. Karthik Murugan,,,Kinematics & Mechanism 
26,MECL-301,B.Tech-MECH,"3,2","3,3","-1,-1",Prof. Arvind Ramanathan,,,Fluid Mechanics Lab
27,MAT-403,B.Tech-MECH,"2,7","4,5","4,6",Prof. Suresh Menon,,,Laplace Transforms 
28,APT-451,B.Tech-MECH,"1,8","4,8","5,5",Dr. Anjali Desai,,,Aptitude & Reasoning
29,COM-103,B.Com-Foreign Trade Management,"1,1","1,2","3,1",Prof. Ravi Shankar,,,Business law
30,COM-203,B.Com-Foreign Trade Management,"2,2","2,3","5,8",Dr. Kavitha Nair,,,Fundamentals Of Accounting
31,COM-303,B.Com-Foreign Trade Management,"1,5","1,6","2,1",Dr. Arvind Kumar,,,Business Environment 
32,COM-101,B.Com-Foreign Trade Management,"4,7","5,1","5,2",Prof. Vikram Sundaram,,,Entrepreneurship
33,ENG-202,B.Com-Foreign Trade Management,"3,2","3,3","-1,-1",Prof. Prakash Rajagopal,,,Business English
34,COM-403,B.Com-Foreign Trade Management,"2,7","4,5","4,6",Prof. Karthik Iyer,,,Indian foreign trade policy
35,APT-421,B.Com-Foreign Trade Management,"1,8","4,8","5,5",Dr. Suresh Rajan,,,Aptitude & Reasoning
36,BBA-103,BBA-Management,"1,1","1,2","3,1",Dr. Vignesh Prasad,,,Principles of management
37,BBA-203,BBA-Management,"2,2","2,3","5,8",Prof. Shanti Nair,,,Business economics
38,BBA-303,BBA-Management,"1,5","1,6","2,1",Dr. Vignesh Prasad,,,Management accounting
39,BBA-403,BBA-Management,"4,7","5,1","5,2",Prof. Sanjay Venugopal,,,Marketing management
40,ENG-301,BBA-Management,"3,2","3,3","-1,-1",Dr. Rajesh Sharma,,,English  Praxis
41,MAT-213,BBA-Management,"2,7","4,5","4,6",Prof. Arvind Chandrasekhar,,,Business mathematics
42,APT-541,BBA-Management,"1,8","4,8","5,5",Dr. Ramesh Kumar,,,Aptitude & Reasoning
43,CE-213,B.Tech-CIVIL,"1,1","1,2","3,1",Dr. Srinivas Reddy,,,Introduction to Thermodynamics
44,CE-212,B.Tech-CIVIL,"2,2","2,3","5,8",Prof. Anitha Rao,,,Engineering Mechanics
45,CE-103,B.Tech-CIVIL,"1,5","1,6","2,1",Dr. Raghavendra Kumar,,,Environmental Engineering
46,MAT-113,B.Tech-CIVIL,"4,7","5,1","5,2",Prof. Deepika Sharma,,,Differential Equations 
47,CEL-211,B.Tech-CIVIL,"3,2","3,3","-1,-1",Dr. Srinivas Reddy,,,Introduction to Thermodynamics Lab
48,CE-113,B.Tech-CIVIL,"2,7","4,5","4,6",Prof. Meenakshi Naidu,,,Engineering Fundamentals 
49,APT-501,B.Tech-CIVIL,"1,8","4,8","5,5",Dr. Venkatesh Babu,,,Aptitude & Reasoning
50,BBA-113,BBA-Finance,"1,1","1,2","3,1",Dr. Vijaya Prasad,,,Basic Accounting
51,BBA-213,BBA-Finance,"2,2","2,3","5,8",Prof. Divya Menon,,,Business Law
52,BBA-313,BBA-Finance,"1,5","1,6","2,1",Dr. Suresh Gupta,,,Corporate Strategy
53,MAT-312,BBA-Finance,"4,7","5,1","5,2",Prof. Swathi Rao,,,Business Mathematics
54,ENG-112,BBA-Finance,"3,2","3,3","-1,-1",Dr. Harish Chandra,,,Business Communication
55,BBA-413,BBA-Finance,"2,7","4,5","4,6",Prof. Sneha Patil,,,Managerial accounting
56,APT-111,BBA-Finance,"1,8","4,8","5,5",Dr. Ramesh Varma,,,Aptitude & Reasoning
57,BBA-223,BBA-International Business,"1,1","1,2","3,1",Prof. Naveen Choudhary,,,Fundamentals of International Business
58,BBA-233,BBA-International Business,"2,2","2,3","5,8",Prof. Ravi Varma,,,Indian System of Business
59,ECO-103,BBA-International Business,"1,5","1,6","2,1",Dr. Uma Devi,,,Micro and Macro-Economics
60,BBA-323,BBA-International Business,"4,7","5,1","5,2",Prof. Lakshmi Prasad,,,International Marketing
61,MAT-413,BBA-International Business,"3,2","3,3","-1,-1",Dr. Anjali Sharma,,,Business Mathematics
62,BBA-503,BBA-International Business,"2,7","4,5","4,6",Prof. Prasad Raju,,,International Strategic Management
63,APT-211,BBA-International Business,"1,8","4,8","5,5",Dr. Sharmila Nair,,,Aptitude & Reasoning
64,BBA-513,BBA-Marketing,"1,1","1,2","3,1",Prof. Lakshmi Prasad,,,Social media marketing
65,BBA-423,BBA-Marketing,"2,2","2,3","5,8",Dr. Vignesh Prasad,,,Brand Management
66,BBA-523,BBA-Marketing,"1,5","1,6","2,1",Prof. Prasad Raju,,,Promotional mobile marketing
67,BBA-123,BBA-Marketing,"4,7","5,1","5,2",Prof. Sanjay Venugopal,,,International marketing
68,ECO-111,BBA-Marketing,"3,2","3,3","-1,-1",Dr. Uma Devi,,,Business economics
69,BBA-603,BBA-Marketing,"2,7","4,5","4,6",Prof. Vikram Sundaram,,,Entrepreneurship
70,APT-411,BBA-Marketing,"1,8","4,8","5,5",Dr. Anupam Tiwari,,,Aptitude & Reasoning
71,BBA-613,BBA-Business Statistics,"1,1","1,2","3,1",Prof. Prasad Raju,,,Security analysis
72,BBA-533,BBA-Business Statistics,"2,2","2,3","5,8",Prof. Sneha Patil,,,Accounting
73,BBA-433,BBA-Business Statistics,"1,5","1,6","2,1",Prof. Sanjay Venugopal,,,Marketing management
74,MAT-503,BBA-Business Statistics,"4,7","5,1","5,2",Dr. Anjali Sharma,,,Business mathematics
75,ECO-201,BBA-Business Statistics,"3,2","3,3","-1,-1",Dr. Uma Devi,,,Business economics
76,BBA-333,BBA-Business Statistics,"2,7","4,5","4,6",Prof. Lakshmi Prasad,,,Organizational behavior
77,APT-621,BBA-Business Statistics,"1,8","4,8","5,5",Dr. Sameer Kapoor,,,Aptitude & Reasoning
78,BCE-103,B.Com-Economics,"1,1","1,2","3,1",Dr. Rajesh Sharma,,,Econometrics
79,BCE-203,B.Com-Economics,"2,2","2,3","5,8",Prof. Sameer Joshi,,,Legal Studies
80,BCE-303,B.Com-Economics,"1,5","1,6","2,1",Dr. Shalini Malik,,,Money and Banking
81,BCE-403,B.Com-Economics,"4,7","5,1","5,2",Prof. Vivek Sharma,,,Advanced cost accounts
82,ENG-302,B.Com-Economics,"3,2","3,3","-1,-1",Dr. Kirti Saxena,,,Business communication
83,BCE-503,B.Com-Economics,"2,7","4,5","4,6",Dr. Sunita Das,,,Economic policy
84,APT-511,B.Com-Economics,"1,8","4,8","5,5",Dr. Lakshmi Abhigna,,,Aptitude & Reasoning
85,BCA-103,B.Com-Accountancy,"1,1","1,2","3,1",Prof. Vivek Sharma,,,Cost Accounting
86,BCA-203,B.Com-Accountancy,"2,2","2,3","5,8",Dr. Shalini Malik,,,Taxation
87,BCA-303,B.Com-Accountancy,"1,5","1,6","2,1",Prof. Rakesh Mehra,,,Business Management
88,BCA-403,B.Com-Accountancy,"4,7","5,1","5,2",Dr. Priya Singhania,,,Financial Accounting
89,BCA-503,B.Com-Accountancy,"3,2","3,3","-1,-1",Prof. Sanjay Khanna,,,Company Law
90,ECO-211,B.Com-Accountancy,"2,7","4,5","4,6",Dr. Rajesh Sharma,,,Business Economics
91,APT-121,B.Com-Accountancy,"1,8","4,8","5,5",Dr. Neha Gupta,,,Aptitude & Reasoning
92,BCC-103,B.Com-E Commerce,"1,1","1,2","3,1",Dr. Preeti Joshi,,,Accountancy
93,BCC-203,B.Com-E Commerce,"2,2","2,3","5,8",Prof. Arjun Mishra,,,E-Commerce Trade
94,BCC-303,B.Com-E Commerce,"1,5","1,6","2,1",Dr. Nisha Agarwal,,,Auditing
95,BCC-403,B.Com-E Commerce,"4,7","5,1","5,2",Prof. Rakesh Mehra,,,Business Principles
96,BCC-102,B.Com-E Commerce,"3,2","3,3","-1,-1",Dr. Meera Singh,,,Database Management
97,BCC-202,B.Com-E Commerce,"2,7","4,5","4,6",Prof. Priyanka Singh,,,JAVA Programming
98,APT-221,B.Com-E Commerce,"1,8","4,8","5,5",Dr. Anjali Kapoor,,,Aptitude & Reasoning
99,BCB-103,B.Com-Banking and Finance,"1,1","1,2","3,1",Prof. Sanjay Patel,,,Banking operations
100,BCB-203,B.Com-Banking and Finance,"2,2","2,3","5,8",Prof. Nandini Kapoor,,,Laws governing banking and insurance
101,BCB-303,B.Com-Banking and Finance,"1,5","1,6","2,1",Dr. Vikram Gupta,,,Universal banking
102,BCB-403,B.Com-Banking and Finance,"4,7","5,1","5,2",Dr. Meera Khanna,,,Business law
103,BCB-503,B.Com-Banking and Finance,"3,2","3,3","-1,-1",Prof. Muzzakir Hussain,,,Introduction to computer systems
104,ECO-213,B.Com-Banking and Finance,"2,7","4,5","4,6",Prof. Ritu Sharma,,,Economics
105,APT-311,B.Com-Banking and Finance,"1,8","4,8","5,5",Dr. Sindhu Roy,,,Aptitude & Reasoning
106,CHE-103,B.Sc-Chemistry,"1,1","1,2","3,1",Dr. M. Arthanareeswari,,,Inorganic chemistry
107,CHE-203,B.Sc-Chemistry,"2,2","2,3","5,8",Dr. Helen Annal Therese,,,Organic chemistry
108,CHE-303,B.Sc-Chemistry,"1,5","1,6","2,1",Dr. Baburaj Baskar,,,Physical chemistry
109,CHE-403,B.Sc-Chemistry,"4,7","5,1","5,2",Dr. Ananthanarayanan K,,,Analytical chemistry
110,CHE-503,B.Sc-Chemistry,"3,2","3,3","-1,-1",Dr. Devikala S,,,Polymer chemistry
111,CHE-603,B.Sc-Chemistry,"2,7","4,5","4,6",Dr. Ganesh Pandian M,,,Industrial chemicals and the environment
112,APT-321,B.Sc-Chemistry,"1,8","4,8","5,5",Dr. Kumaran V,,,Aptitude & Reasoning
113,BIO-103,B.Sc-Microbiology,"1,1","1,2","3,1",Dr. O. V. Ravikumar,,,Immunology
114,BIO-203,B.Sc-Microbiology,"2,2","2,3","5,8",Dr. K. Abirami,,,Biotechnology
115,BIO-303,B.Sc-Microbiology,"1,5","1,6","2,1",Dr. N. Prabha,,,Molecular Biology
116,BIO-403,B.Sc-Microbiology,"4,7","5,1","5,2",Dr. A. Kalidoss,,,Tissue culture
117,BIO-503,B.Sc-Microbiology,"3,2","3,3","-1,-1",Dr. P. Sujith,,,Industrial microbiology
118,BIO-603,B.Sc-Microbiology,"2,7","4,5","4,6",Dr. V. Ashwini,,,Principles of Transmission Genetics
119,APT-231,B.Sc-Microbiology,"1,8","4,8","5,5",Dr. K Neehar,,,Aptitude & Reasoning
120,PHY-103,B.Sc-Physics,"1,1","1,2","3,1",Dr. John Thiruvadigal D,,,Electricity
121,PHY-203,B.Sc-Physics,"2,2","2,3","5,8",Dr. Karthigeyan A,,,Optics
122,PHY-303,B.Sc-Physics,"1,5","1,6","2,1",Dr. Malar P,,,Magnetism
123,PHY-403,B.Sc-Physics,"4,7","5,1","5,2",Dr. Annie Sujatha R,,,Thermal dynamics
124,PHY-503,B.Sc-Physics,"3,2","3,3","-1,-1",Dr. Arijit Sen,,,Mechanics
125,PHY-603,B.Sc-Physics,"2,7","4,5","4,6",Dr. Debabrata Sarkar,,,Quantum physics
126,APT-401,B.Sc-Physics,"1,8","4,8","5,5",Dr. Devanand Venkatasubbu G,,,Aptitude & Reasoning
127,BCS-103,B.Sc-Computer Science,"1,1","1,2","3,1",Dr. G. Savitha,,,Computer network
128,BCS-203,B.Sc-Computer Science,"2,2","2,3","5,8",Mr. M. Anoop,,,Software engineering
129,BCS-303,B.Sc-Computer Science,"1,5","1,6","2,1",Mrs. Sai Vijaya Lakshmi J,,,Computer architecture
130,BCS-403,B.Sc-Computer Science,"4,7","5,1","5,2",Prof. Y. Dhanush Kumar,,,Discrete Mathematics
131,BCS-503,B.Sc-Computer Science,"3,2","3,3","-1,-1",Dr. V. Shoba,,,Python
132,BCS-603,B.Sc-Computer Science,"2,7","4,5","4,6",Mr. T. Prabakar,,,Data structure
133,APT-331,B.Sc-Computer Science,"1,8","4,8","5,5",Mr. R. Karthikeyan,,,Aptitude & Reasoning
134,AGR-103,B.Sc-Agriculture,"1,1","1,2","3,1",Mr. D. Gritto,,,Agricultural economics
135,AGR-203,B.Sc-Agriculture,"2,2","2,3","5,8",Dr. Nanhe Lal Saroj,,,Agronomy
136,AGR-303,B.Sc-Agriculture,"1,5","1,6","2,1",Dr. Ajay Patel,,,Soil science
137,AGR-403,B.Sc-Agriculture,"4,7","5,1","5,2",Dr. Sachin Kishor,,,Plant physiology
138,AGR-503,B.Sc-Agriculture,"3,2","3,3","-1,-1",Dr. C. Sylendra Babu,,,Food technology
139,AGR-603,B.Sc-Agriculture,"2,7","4,5","4,6",Prof. P. Amudha,,,Animal husbandry
140,APT-431,B.Sc-Agriculture,"1,8","4,8","5,5",Dr. Uma Rani,,,Aptitude & Reasoning
141,BAE-103,B.A-Economics,"1,1","1,2","3,1",Dr. Priya Singhania,,,Macroeconomics
142,BAE-203,B.A-Economics,"2,2","2,3","5,8",Prof. Vivek Sharma,,,Microeconomics
143,BAE-303,B.A-Economics,"1,5","1,6","2,1",Dr. Rajesh Sharma,,,Econometrics
144,BAE-403,B.A-Economics,"4,7","5,1","5,2",Dr. Uma Devi,,,Environmental economics
145,BAE-503,B.A-Economics,"3,2","3,3","-1,-1",Prof. Ritu Sharma,,,Financial economics
146,BAE-603,B.A-Economics,"2,7","4,5","4,6",Dr. Sunita Das,,,Behavioral economics
147,APT-521,B.A-Economics,"1,8","4,8","5,5",Mr. Karthik Durai,,,Aptitude & Reasoning
148,HIS-103,B.A-History,"1,1","1,2","3,1",Dr. Maanvender Singh,,,Ancient Indian History
149,HIS-203,B.A-History,"2,2","2,3","5,8",Prof. Rattan Lal Hangloo,,,Medieval India
150,HIS-303,B.A-History,"1,5","1,6","2,1",Dr. Aqsa Agha,,,Reconstructing Ancient Indian Histor
151,HIS-113,B.A-History,"4,7","5,1","5,2",Dr. Megha Yadav,,,Religious Development
152,HIS-213,B.A-History,"3,2","3,3","-1,-1",Dr K T Shaheen,,,Transformation from Modern to Present India
153,HIS-313,B.A-History,"2,7","4,5","4,6",Dr Sharmistha Chatterjee,,,Political Theory
154,APT-531,B.A-History,"1,8","4,8","5,5",Mrs. K Sriya,,,Aptitude & Reasoning
155,PSY-103,B.A-Psychology,"1,1","1,2","3,1",Dr M Dhamodharan,,,Introduction To Psychology
156,PSY-203,B.A-Psychology,"2,2","2,3","5,8",Dr Sunaina K,,,Development of Psychological Thoughts
157,PSY-303,B.A-Psychology,"1,5","1,6","2,1",Dr Aswini S,,,Organizational Behaviour
158,PSY-113,B.A-Psychology,"4,7","5,1","5,2",Dr Ayesha Parveen Haroon,,,Introduction to Psychological Disorders
159,PSY-213,B.A-Psychology,"3,2","3,3","-1,-1",Dr Aehsan Ahmad Dar,,,Developmental Psychology
160,PSY-313,B.A-Psychology,"2,7","4,5","4,6",Dr Sandra Roshni,,,Psychology of Individual Differences
161,APT-611,B.A-Psychology,"1,8","4,8","5,5",Mrs. Mrunal Thaakur,,,Aptitude & Reasoning
162,PSC-103,B.A-Political Science,"1,1","1,2","3,1",Dr Sharmistha Chatterjee,,,Political Theory
163,PSC-203,B.A-Political Science,"2,2","2,3","5,8",Dr. Alok Sharma,,,International Relations
164,PSC-303,B.A-Political Science,"1,5","1,6","2,1",Dr. Anjali Chatterjee,,,Political Economy
165,PSC-113,B.A-Political Science,"4,7","5,1","5,2",Prof. Surya Venkatraman,,,Human Rights
166,PSC-213,B.A-Political Science,"3,2","3,3","-1,-1",Dr. Jyotsna Sengupta,,,Public Administration
167,PSC-313,B.A-Political Science,"2,7","4,5","4,6",Prof. Dhruvansh Patel,,,Comparative Politics
168,APT-601,B.A-Political Science,"1,8","4,8","5,5",Dr. Shreyan Shimhadri,,,Aptitude & Reasoning
169,SCO-103,B.A-Sociology,"1,1","1,2","3,1",Prof. Surabhi Gupta,,,Applied Sociology
170,SCO-203,B.A-Sociology,"2,2","2,3","5,8",Dr. Raghavendra Reddy,,,Comparative Sociology
171,SCO-303,B.A-Sociology,"1,5","1,6","2,1",Prof. Aparajita Banerjee,,,Crime and Delinquency
172,SCO-113,B.A-Sociology,"4,7","5,1","5,2",Dr. Rajat Khurana,,,Basic Concepts of Sociology
173,SCO-213,B.A-Sociology,"3,2","3,3","-1,-1",Prof. Leelavati Krishnan,,,Community and Demography
174,SCO-313,B.A-Sociology,"2,7","4,5","4,6",Prof. Shailaja Nayar,,,Social Institutions
175,APT-631,B.A-Sociology,"1,8","4,8","5,5",Dr. Parag Joshi,,,Aptitude & Reasoning
